baseline,mae,rmse
last_value,236.70752642378054,554.204145380403
mean_predictor,123.48568091303243,208.11598447728
rolling_mean_7,156.02046494518552,287.24956507084937
