category,active_days_pct,corr_lag7
fuel,17.100371747211895,0.026242939451366992
groceries,24.907063197026023,0.02584706209305038
