{
  "execution_timestamp": "2026-04-15T17:36:31.657913+00:00",
  "run_mode": "full",
  "target": "bucket_spend_t_plus_1",
  "rows": {
    "train": 501571,
    "test": 30616
  },
  "cv": {
    "strategy": "TimeSeriesSplit(n_splits=5)",
    "fold_metrics_file": "full_spend_fold_metrics.csv",
    "fold_per_class_file": "full_spend_fold_per_class_metrics.csv",
    "feature_count": 31,
    "stability": {
      "random_forest": {
        "degradation": "no",
        "relative_drop": 0.048035063462091465,
        "head_mean_f1": 0.6235459116947214,
        "tail_mean_f1": 0.5935938442549378
      },
      "logistic_regression": {
        "degradation": "no",
        "relative_drop": 0.027524935463446334,
        "head_mean_f1": 0.5527847579244997,
        "tail_mean_f1": 0.537569393137451
      },
      "sgd_classifier": {
        "degradation": "no",
        "relative_drop": 0.04773395808990115,
        "head_mean_f1": 0.5624661038415819,
        "tail_mean_f1": 0.5356173704138179
      }
    }
  },
  "rf_tuning": {
    "enabled": false
  },
  "acceptance": {
    "gain_formula": "(F1_model - F1_persistence) / F1_persistence",
    "relative_gain_vs_persistence": 1.3923837758128172,
    "passes_50pct_gain": true,
    "passes_70pct_gain": true
  },
  "test": {
    "baseline_persistence": {
      "f1_macro": 0.19855953042175312,
      "balanced_accuracy": 0.20441177330210034,
      "per_class": {
        "0": {
          "precision": 0.13147410358565736,
          "recall": 0.07322485207100592,
          "f1": 0.09406175771971496,
          "support": 6760
        },
        "1": {
          "precision": 0.00340954673084637,
          "recall": 0.003844414292175486,
          "f1": 0.0036139455782312926,
          "support": 4422
        },
        "2": {
          "precision": 0.39596396396396394,
          "recall": 0.44110798875953433,
          "f1": 0.41731864793011775,
          "support": 12455
        },
        "3": {
          "precision": 0.2615769712140175,
          "recall": 0.2994698380856856,
          "f1": 0.2792437704589485,
          "support": 6979
        }
      },
      "confusion_matrix": [
        [
          495,
          751,
          3768,
          1746
        ],
        [
          679,
          17,
          2290,
          1436
        ],
        [
          1488,
          2755,
          5494,
          2718
        ],
        [
          1103,
          1463,
          2323,
          2090
        ]
      ]
    },
    "baseline_majority": {
      "f1_macro": 0.1445868449768986,
      "balanced_accuracy": 0.25,
      "per_class": {
        "0": {
          "precision": 0.0,
          "recall": 0.0,
          "f1": 0.0,
          "support": 6760
        },
        "1": {
          "precision": 0.0,
          "recall": 0.0,
          "f1": 0.0,
          "support": 4422
        },
        "2": {
          "precision": 0.40681343088581134,
          "recall": 1.0,
          "f1": 0.5783473799075944,
          "support": 12455
        },
        "3": {
          "precision": 0.0,
          "recall": 0.0,
          "f1": 0.0,
          "support": 6979
        }
      },
      "confusion_matrix": [
        [
          0,
          0,
          6760,
          0
        ],
        [
          0,
          0,
          4422,
          0
        ],
        [
          0,
          0,
          12455,
          0
        ],
        [
          0,
          0,
          6979,
          0
        ]
      ]
    },
    "random_forest": {
      "f1_macro": 0.4750305991140137,
      "balanced_accuracy": 0.5556719026977512,
      "per_class": {
        "0": {
          "precision": 0.4807103490508267,
          "recall": 0.23224852071005916,
          "f1": 0.31318571713544785,
          "support": 6760
        },
        "1": {
          "precision": 0.3474937016766571,
          "recall": 0.9045680687471732,
          "f1": 0.5021025544467458,
          "support": 4422
        },
        "2": {
          "precision": 0.7550707346173513,
          "recall": 0.35568044961862705,
          "f1": 0.48357166248226174,
          "support": 12455
        },
        "3": {
          "precision": 0.51103088648215,
          "recall": 0.7301905717151455,
          "f1": 0.6012624623915993,
          "support": 6979
        }
      },
      "confusion_matrix": [
        [
          1570,
          2419,
          999,
          1772
        ],
        [
          42,
          4000,
          17,
          363
        ],
        [
          1229,
          4055,
          4430,
          2741
        ],
        [
          425,
          1037,
          421,
          5096
        ]
      ]
    },
    "logistic_regression": {
      "f1_macro": 0.4609190132432758,
      "balanced_accuracy": 0.5248496971561227,
      "per_class": {
        "0": {
          "precision": 0.4526105753242434,
          "recall": 0.20133136094674556,
          "f1": 0.2786935599467595,
          "support": 6760
        },
        "1": {
          "precision": 0.3276934560836029,
          "recall": 0.8934871099050203,
          "f1": 0.4795193883123976,
          "support": 4422
        },
        "2": {
          "precision": 0.6636212624584718,
          "recall": 0.4490566037735849,
          "f1": 0.5356510079969353,
          "support": 12455
        },
        "3": {
          "precision": 0.5442167321729365,
          "recall": 0.5555237139991402,
          "f1": 0.5498120967170106,
          "support": 6979
        }
      },
      "confusion_matrix": [
        [
          1361,
          2812,
          1510,
          1077
        ],
        [
          69,
          3951,
          149,
          253
        ],
        [
          1061,
          3884,
          5593,
          1917
        ],
        [
          516,
          1410,
          1176,
          3877
        ]
      ]
    },
    "sgd_classifier": {
      "f1_macro": 0.45646278706727095,
      "balanced_accuracy": 0.5168431937324282,
      "per_class": {
        "0": {
          "precision": 0.4994612068965517,
          "recall": 0.1371301775147929,
          "f1": 0.21518105849582173,
          "support": 6760
        },
        "1": {
          "precision": 0.3450308815272319,
          "recall": 0.833785617367707,
          "f1": 0.4880857823669579,
          "support": 4422
        },
        "2": {
          "precision": 0.6206576258591864,
          "recall": 0.5364913689281413,
          "f1": 0.5755135437750312,
          "support": 12455
        },
        "3": {
          "precision": 0.5347564313081554,
          "recall": 0.5599656111190715,
          "f1": 0.5470707636312732,
          "support": 6979
        }
      },
      "confusion_matrix": [
        [
          927,
          2488,
          2133,
          1212
        ],
        [
          53,
          3687,
          364,
          318
        ],
        [
          561,
          3342,
          6682,
          1870
        ],
        [
          315,
          1169,
          1587,
          3908
        ]
      ]
    }
  }
}