{
  "execution_timestamp": "2026-04-15T17:43:53.940627+00:00",
  "run_mode": "quick",
  "target": "bucket_spend_t_plus_1",
  "rows": {
    "train": 6000,
    "test": 2000
  },
  "cv": {
    "strategy": "TimeSeriesSplit(n_splits=3)",
    "fold_metrics_file": "quick_spend_tuned_fold_metrics.csv",
    "fold_per_class_file": "quick_spend_tuned_fold_per_class_metrics.csv",
    "feature_count": 31,
    "stability": {
      "random_forest": {
        "degradation": "no",
        "relative_drop": -0.15798117015989876,
        "head_mean_f1": 0.4928926304972874,
        "tail_mean_f1": 0.5707603850264394
      },
      "logistic_regression": {
        "degradation": "no",
        "relative_drop": -0.17684487313492922,
        "head_mean_f1": 0.3717605948849625,
        "tail_mean_f1": 0.4375045501239595
      },
      "sgd_classifier": {
        "degradation": "no",
        "relative_drop": -0.16349487858882356,
        "head_mean_f1": 0.443224276632567,
        "tail_mean_f1": 0.5156891759282277
      }
    }
  },
  "rf_tuning": {
    "enabled": true,
    "strategy": "RandomizedSearchCV(TimeSeriesSplit(n_splits=3))",
    "n_iter": 6,
    "best_params": {
      "n_estimators": 160,
      "min_samples_split": 12,
      "min_samples_leaf": 2,
      "max_features": "log2",
      "max_depth": null
    },
    "best_cv_mean_f1_macro": 0.5508884528840302,
    "best_cv_std_f1_macro": 0.06693862063899923
  },
  "acceptance": {
    "gain_formula": "(F1_model - F1_persistence) / F1_persistence",
    "relative_gain_vs_persistence": 1.1510722748551614,
    "passes_50pct_gain": true,
    "passes_70pct_gain": true
  },
  "test": {
    "baseline_persistence": {
      "f1_macro": 0.1704344259406289,
      "balanced_accuracy": 0.27114932593032093,
      "per_class": {
        "0": {
          "precision": 0.04417670682730924,
          "recall": 0.2558139534883721,
          "f1": 0.07534246575342465,
          "support": 86
        },
        "1": {
          "precision": 0.3333333333333333,
          "recall": 0.0009514747859181732,
          "f1": 0.0018975332068311196,
          "support": 1051
        },
        "2": {
          "precision": 0.2591522157996146,
          "recall": 0.5401606425702812,
          "f1": 0.3502604166666667,
          "support": 498
        },
        "3": {
          "precision": 0.227765726681128,
          "recall": 0.2876712328767123,
          "f1": 0.2542372881355932,
          "support": 365
        }
      },
      "confusion_matrix": [
        [
          22,
          0,
          36,
          28
        ],
        [
          247,
          1,
          573,
          230
        ],
        [
          129,
          2,
          269,
          98
        ],
        [
          100,
          0,
          160,
          105
        ]
      ]
    },
    "baseline_majority": {
      "f1_macro": 0.020613614573346116,
      "balanced_accuracy": 0.25,
      "per_class": {
        "0": {
          "precision": 0.043,
          "recall": 1.0,
          "f1": 0.08245445829338446,
          "support": 86
        },
        "1": {
          "precision": 0.0,
          "recall": 0.0,
          "f1": 0.0,
          "support": 1051
        },
        "2": {
          "precision": 0.0,
          "recall": 0.0,
          "f1": 0.0,
          "support": 498
        },
        "3": {
          "precision": 0.0,
          "recall": 0.0,
          "f1": 0.0,
          "support": 365
        }
      },
      "confusion_matrix": [
        [
          86,
          0,
          0,
          0
        ],
        [
          1051,
          0,
          0,
          0
        ],
        [
          498,
          0,
          0,
          0
        ],
        [
          365,
          0,
          0,
          0
        ]
      ]
    },
    "random_forest": {
      "f1_macro": 0.36661676832174217,
      "balanced_accuracy": 0.4053353678891525,
      "per_class": {
        "0": {
          "precision": 1.0,
          "recall": 0.011627906976744186,
          "f1": 0.022988505747126436,
          "support": 86
        },
        "1": {
          "precision": 0.6679946879150066,
          "recall": 0.4785918173168411,
          "f1": 0.5576496674057649,
          "support": 1051
        },
        "2": {
          "precision": 0.30514096185737977,
          "recall": 0.36947791164658633,
          "f1": 0.33424159854677565,
          "support": 498
        },
        "3": {
          "precision": 0.432348367029549,
          "recall": 0.7616438356164383,
          "f1": 0.5515873015873016,
          "support": 365
        }
      },
      "confusion_matrix": [
        [
          1,
          16,
          40,
          29
        ],
        [
          0,
          503,
          313,
          235
        ],
        [
          0,
          213,
          184,
          101
        ],
        [
          0,
          21,
          66,
          278
        ]
      ]
    },
    "logistic_regression": {
      "f1_macro": 0.2614220507569629,
      "balanced_accuracy": 0.30101489204344195,
      "per_class": {
        "0": {
          "precision": 0.0,
          "recall": 0.0,
          "f1": 0.0,
          "support": 86
        },
        "1": {
          "precision": 0.5468501852832186,
          "recall": 0.9828734538534729,
          "f1": 0.7027210884353742,
          "support": 1051
        },
        "2": {
          "precision": 0.25,
          "recall": 0.002008032128514056,
          "f1": 0.00398406374501992,
          "support": 498
        },
        "3": {
          "precision": 0.7476635514018691,
          "recall": 0.2191780821917808,
          "f1": 0.3389830508474576,
          "support": 365
        }
      },
      "confusion_matrix": [
        [
          0,
          83,
          0,
          3
        ],
        [
          0,
          1033,
          1,
          17
        ],
        [
          0,
          490,
          1,
          7
        ],
        [
          0,
          283,
          2,
          80
        ]
      ]
    },
    "sgd_classifier": {
      "f1_macro": 0.26366120218579236,
      "balanced_accuracy": 0.3034331295700116,
      "per_class": {
        "0": {
          "precision": 0.0,
          "recall": 0.0,
          "f1": 0.0,
          "support": 86
        },
        "1": {
          "precision": 0.5476824720298349,
          "recall": 0.978116079923882,
          "f1": 0.7021857923497268,
          "support": 1051
        },
        "2": {
          "precision": 0.0,
          "recall": 0.0,
          "f1": 0.0,
          "support": 498
        },
        "3": {
          "precision": 0.6991869918699187,
          "recall": 0.2356164383561644,
          "f1": 0.3524590163934426,
          "support": 365
        }
      },
      "confusion_matrix": [
        [
          0,
          83,
          0,
          3
        ],
        [
          0,
          1028,
          0,
          23
        ],
        [
          0,
          487,
          0,
          11
        ],
        [
          0,
          279,
          0,
          86
        ]
      ]
    }
  }
}