{
  "comparison": {
    "winner": "Random Forest",
    "f1_margin": 0.02785021815574762,
    "winner_justification": "RF has a small but meaningful F1 macro lead of 0.028",
    "recommendation": "Use RF as global model for cold start and LR/SGD for personalization updates.",
    "test_metrics": {
      "random_forest": {
        "f1_macro": 0.3408247652747607,
        "accuracy": 0.36292582215012537,
        "precision_macro": 0.3564068450459595,
        "recall_macro": 0.36178207071774365,
        "per_class": {
          "0": {
            "precision": 0.0,
            "recall": 0.0,
            "f1": 0.0,
            "support": 0
          },
          "1": {
            "precision": 0.21887850467289718,
            "recall": 0.4361266294227188,
            "f1": 0.2914747977598009,
            "support": 2685
          },
          "2": {
            "precision": 0.5640873015873016,
            "recall": 0.3769557146645452,
            "f1": 0.4519154347480528,
            "support": 7542
          },
          "3": {
            "precision": 0.2862547288776797,
            "recall": 0.27226386806596703,
            "f1": 0.2790840633164285,
            "support": 3335
          }
        }
      },
      "logistic_regression": {
        "f1_macro": 0.31297454711901307,
        "accuracy": 0.3136705500663619,
        "precision_macro": 0.35077086342410285,
        "recall_macro": 0.3595923367957552,
        "per_class": {
          "0": {
            "precision": 0.0,
            "recall": 0.0,
            "f1": 0.0,
            "support": 0
          },
          "1": {
            "precision": 0.21399754429047535,
            "recall": 0.4543761638733706,
            "f1": 0.29096112568566657,
            "support": 2685
          },
          "2": {
            "precision": 0.563594317806409,
            "recall": 0.2261999469636701,
            "f1": 0.3228309206168985,
            "support": 7542
          },
          "3": {
            "precision": 0.2747207281754241,
            "recall": 0.39820089955022486,
            "f1": 0.32513159505447425,
            "support": 3335
          }
        }
      },
      "sgd_classifier": {
        "f1_macro": 0.3461891204099396,
        "accuracy": 0.4146143636631765,
        "precision_macro": 0.34780269339414954,
        "recall_macro": 0.3472351111428607,
        "per_class": {
          "0": {
            "precision": 0.0,
            "recall": 0.0,
            "f1": 0.0,
            "support": 0
          },
          "1": {
            "precision": 0.20867455262359721,
            "recall": 0.25623836126629423,
            "f1": 0.23002340354396522,
            "support": 2685
          },
          "2": {
            "precision": 0.5604158228702578,
            "recall": 0.5503845133916733,
            "f1": 0.5553548732356679,
            "support": 7542
          },
          "3": {
            "precision": 0.2743177046885934,
            "recall": 0.2350824587706147,
            "f1": 0.2531890844501857,
            "support": 3335
          }
        }
      }
    }
  }
}