{
  "comparison": {
    "winner": "Random Forest",
    "f1_margin": 0.05930921883386747,
    "winner_justification": "RF has 0.059 higher F1 macro than LR",
    "recommendation": "Use RF as global model for cold start and LR/SGD for personalization updates.",
    "test_metrics": {
      "random_forest": {
        "f1_macro": 0.3558221976908946,
        "accuracy": 0.9831883203067394,
        "precision_macro": 0.35994106868716885,
        "recall_macro": 0.35297016164016676,
        "per_class": {
          "0": {
            "precision": 0.0,
            "recall": 0.0,
            "f1": 0.0,
            "support": 0
          },
          "1": {
            "precision": 0.0,
            "recall": 0.0,
            "f1": 0.0,
            "support": 9
          },
          "2": {
            "precision": 0.09,
            "recall": 0.06569343065693431,
            "f1": 0.0759493670886076,
            "support": 137
          },
          "3": {
            "precision": 0.9898232060615064,
            "recall": 0.9932170542635659,
            "f1": 0.9915172259840762,
            "support": 13416
          }
        }
      },
      "logistic_regression": {
        "f1_macro": 0.29651297885702715,
        "accuracy": 0.7201740156319127,
        "precision_macro": 0.34145521452758754,
        "recall_macro": 0.550551846193503,
        "per_class": {
          "0": {
            "precision": 0.0,
            "recall": 0.0,
            "f1": 0.0,
            "support": 0
          },
          "1": {
            "precision": 0.00297441998810232,
            "recall": 0.5555555555555556,
            "f1": 0.005917159763313609,
            "support": 9
          },
          "2": {
            "precision": 0.02375407545412203,
            "recall": 0.3722627737226277,
            "f1": 0.0446584938704028,
            "support": 137
          },
          "3": {
            "precision": 0.9976371481405383,
            "recall": 0.7238372093023255,
            "f1": 0.838963282937365,
            "support": 13416
          }
        }
      },
      "sgd_classifier": {
        "f1_macro": 0.3467873954297504,
        "accuracy": 0.9871700339183012,
        "precision_macro": 0.3690739733971222,
        "recall_macro": 0.3422706228681445,
        "per_class": {
          "0": {
            "precision": 0.0,
            "recall": 0.0,
            "f1": 0.0,
            "support": 0
          },
          "1": {
            "precision": 0.0,
            "recall": 0.0,
            "f1": 0.0,
            "support": 9
          },
          "2": {
            "precision": 0.11764705882352941,
            "recall": 0.029197080291970802,
            "f1": 0.04678362573099415,
            "support": 137
          },
          "3": {
            "precision": 0.9895748613678373,
            "recall": 0.9976147883124628,
            "f1": 0.9935785605582569,
            "support": 13416
          }
        }
      }
    }
  }
}