fold_id,period,rf_f1,lr_f1,stability
1,2019-W11 to 2019-W21,0.33094834962768765,0.320953309649241,stable
2,2019-W21 to 2019-W31,0.4985314913521157,0.3063311073914889,stable
3,2019-W31 to 2019-W41,0.33921925716692686,0.3179751636174884,stable
4,2019-W41 to 2019-W51,0.3619681307081406,0.32103430605473277,degraded
5,2019-W51 to 2020-W09,0.33335818640367604,0.3509152854097068,significantly_degraded
