fold_id,period,rf_f1,lr_f1,stability
1,2019-W11 to 2019-W21,0.3204814011505303,0.2814328650082175,stable
2,2019-W21 to 2019-W31,0.33481954034226,0.29568386843907,stable
3,2019-W31 to 2019-W41,0.32692149113993113,0.2752761527813548,stable
4,2019-W41 to 2019-W51,0.41425518997416555,0.4162060547060194,degraded
5,2019-W51 to 2020-W09,0.40155821543171105,0.3783021786426221,significantly_degraded
