fold_id,period,rf_f1,lr_f1,stability
1,2019-W01 to 2019-W02,0.41857351509250246,0.3718837421596632,stable
2,2019-W02 to 2019-W03,0.35248201862987855,0.3396830595127631,stable
3,2019-W03 to 2019-W03,0.37160618458105305,0.38667806267806265,stable
4,2019-W03 to 2019-W04,0.35645299003138065,0.34370573736072746,degraded
5,2019-W04 to 2019-W05,0.35084520417853754,0.3597913892122217,significantly_degraded
