{
  "model_training_report": {
    "execution_timestamp": "2026-04-13T07:15:50.152247+00:00",
    "run_mode": "full",
    "data_summary": {
      "train_rows": 55321,
      "test_rows": 13562,
      "n_features": 15,
      "feature_names": [
        "z_score",
        "entropy",
        "txn_count",
        "relative_txn_count",
        "delta_amount",
        "delta_bucket",
        "rolling_mean_8w",
        "rolling_std_8w",
        "recency_days",
        "user_cv",
        "category_diversity",
        "dominant_category_ratio",
        "amount_t_minus_1",
        "amount_t_minus_2",
        "bucket_t_minus_1"
      ],
      "target_distribution_train": {
        "1": 0.2616366298512319,
        "2": 0.4921819923717937,
        "3": 0.24618137777697438
      },
      "target_distribution_test": {
        "1": 0.1979796490193187,
        "2": 0.5561126677481197,
        "3": 0.24590768323256157
      },
      "time_range_train": {
        "start_week": "2019-W01",
        "end_week": "2020-W09"
      },
      "time_range_test": {
        "start_week": "2020-W10",
        "end_week": "2020-W24"
      }
    },
    "random_forest": {
      "f1_macro": 0.3408247652747607,
      "accuracy": 0.36292582215012537,
      "precision_macro": 0.3564068450459595,
      "recall_macro": 0.36178207071774365,
      "per_class": {
        "0": {
          "precision": 0.0,
          "recall": 0.0,
          "f1": 0.0,
          "support": 0
        },
        "1": {
          "precision": 0.21887850467289718,
          "recall": 0.4361266294227188,
          "f1": 0.2914747977598009,
          "support": 2685
        },
        "2": {
          "precision": 0.5640873015873016,
          "recall": 0.3769557146645452,
          "f1": 0.4519154347480528,
          "support": 7542
        },
        "3": {
          "precision": 0.2862547288776797,
          "recall": 0.27226386806596703,
          "f1": 0.2790840633164285,
          "support": 3335
        }
      },
      "best_params": {
        "n_estimators": 100,
        "min_samples_split": 5,
        "min_samples_leaf": 4,
        "max_features": "sqrt",
        "max_depth": 12,
        "class_weight": "balanced"
      },
      "best_cv_score": 0.3596071676077196,
      "cv_scores_per_fold": [
        0.3204814011505303,
        0.33481954034226,
        0.32692149113993113,
        0.41425518997416555,
        0.40155821543171105
      ],
      "cv_std": 0.039899629759097284,
      "training_time_minutes": 4.467820068750006
    },
    "logistic_regression": {
      "f1_macro": 0.31297454711901307,
      "accuracy": 0.3136705500663619,
      "precision_macro": 0.35077086342410285,
      "recall_macro": 0.3595923367957552,
      "per_class": {
        "0": {
          "precision": 0.0,
          "recall": 0.0,
          "f1": 0.0,
          "support": 0
        },
        "1": {
          "precision": 0.21399754429047535,
          "recall": 0.4543761638733706,
          "f1": 0.29096112568566657,
          "support": 2685
        },
        "2": {
          "precision": 0.563594317806409,
          "recall": 0.2261999469636701,
          "f1": 0.3228309206168985,
          "support": 7542
        },
        "3": {
          "precision": 0.2747207281754241,
          "recall": 0.39820089955022486,
          "f1": 0.32513159505447425,
          "support": 3335
        }
      },
      "best_params": {
        "lr__C": 0.001,
        "lr__class_weight": "balanced",
        "lr__max_iter": 500,
        "lr__penalty": "l2",
        "lr__solver": "saga"
      },
      "best_cv_score": 0.32938022391545674,
      "cv_scores_per_fold": [
        0.2814328650082175,
        0.29568386843907,
        0.2752761527813548,
        0.4162060547060194,
        0.3783021786426221
      ],
      "cv_std": 0.0570854213589649,
      "training_time_minutes": 0.06806130068337855
    },
    "sgd_classifier": {
      "f1_macro": 0.3461891204099396,
      "accuracy": 0.4146143636631765,
      "precision_macro": 0.34780269339414954,
      "recall_macro": 0.3472351111428607,
      "per_class": {
        "0": {
          "precision": 0.0,
          "recall": 0.0,
          "f1": 0.0,
          "support": 0
        },
        "1": {
          "precision": 0.20867455262359721,
          "recall": 0.25623836126629423,
          "f1": 0.23002340354396522,
          "support": 2685
        },
        "2": {
          "precision": 0.5604158228702578,
          "recall": 0.5503845133916733,
          "f1": 0.5553548732356679,
          "support": 7542
        },
        "3": {
          "precision": 0.2743177046885934,
          "recall": 0.2350824587706147,
          "f1": 0.2531890844501857,
          "support": 3335
        }
      },
      "best_params": {
        "sgd__alpha": 0.0001,
        "sgd__class_weight": "balanced",
        "sgd__eta0": 0.001,
        "sgd__learning_rate": "optimal",
        "sgd__loss": "log_loss",
        "sgd__max_iter": 1000,
        "sgd__penalty": "l2"
      },
      "best_cv_score": 0.32779697492421744,
      "training_time_minutes": 0.060601583333361
    },
    "comparison": {
      "winner": "Random Forest",
      "f1_margin": 0.02785021815574762,
      "winner_justification": "RF has a small but meaningful F1 macro lead of 0.028",
      "recommendation": "Use RF as global model for cold start and LR/SGD for personalization updates.",
      "test_metrics": {
        "random_forest": {
          "f1_macro": 0.3408247652747607,
          "accuracy": 0.36292582215012537,
          "precision_macro": 0.3564068450459595,
          "recall_macro": 0.36178207071774365,
          "per_class": {
            "0": {
              "precision": 0.0,
              "recall": 0.0,
              "f1": 0.0,
              "support": 0
            },
            "1": {
              "precision": 0.21887850467289718,
              "recall": 0.4361266294227188,
              "f1": 0.2914747977598009,
              "support": 2685
            },
            "2": {
              "precision": 0.5640873015873016,
              "recall": 0.3769557146645452,
              "f1": 0.4519154347480528,
              "support": 7542
            },
            "3": {
              "precision": 0.2862547288776797,
              "recall": 0.27226386806596703,
              "f1": 0.2790840633164285,
              "support": 3335
            }
          }
        },
        "logistic_regression": {
          "f1_macro": 0.31297454711901307,
          "accuracy": 0.3136705500663619,
          "precision_macro": 0.35077086342410285,
          "recall_macro": 0.3595923367957552,
          "per_class": {
            "0": {
              "precision": 0.0,
              "recall": 0.0,
              "f1": 0.0,
              "support": 0
            },
            "1": {
              "precision": 0.21399754429047535,
              "recall": 0.4543761638733706,
              "f1": 0.29096112568566657,
              "support": 2685
            },
            "2": {
              "precision": 0.563594317806409,
              "recall": 0.2261999469636701,
              "f1": 0.3228309206168985,
              "support": 7542
            },
            "3": {
              "precision": 0.2747207281754241,
              "recall": 0.39820089955022486,
              "f1": 0.32513159505447425,
              "support": 3335
            }
          }
        },
        "sgd_classifier": {
          "f1_macro": 0.3461891204099396,
          "accuracy": 0.4146143636631765,
          "precision_macro": 0.34780269339414954,
          "recall_macro": 0.3472351111428607,
          "per_class": {
            "0": {
              "precision": 0.0,
              "recall": 0.0,
              "f1": 0.0,
              "support": 0
            },
            "1": {
              "precision": 0.20867455262359721,
              "recall": 0.25623836126629423,
              "f1": 0.23002340354396522,
              "support": 2685
            },