{
  "model_training_report": {
    "execution_timestamp": "2026-04-12T20:47:07.760793+00:00",
    "run_mode": "full",
    "data_summary": {
      "train_rows": 55321,
      "test_rows": 13562,
      "n_features": 15,
      "feature_names": [
        "z_score",
        "entropy",
        "txn_count",
        "relative_txn_count",
        "delta_amount",
        "delta_bucket",
        "rolling_mean_8w",
        "rolling_std_8w",
        "recency_days",
        "user_cv",
        "category_diversity",
        "dominant_category_ratio",
        "amount_t_minus_1",
        "amount_t_minus_2",
        "bucket_t_minus_1"
      ],
      "target_distribution_train": {
        "1": 0.0013195712297319282,
        "2": 0.013394551797689846,
        "3": 0.9852858769725782
      },
      "target_distribution_test": {
        "1": 0.0006636189352602861,
        "2": 0.010101754903406578,
        "3": 0.9892346261613332
      },
      "time_range_train": {
        "start_week": "2019-W01",
        "end_week": "2020-W09"
      },
      "time_range_test": {
        "start_week": "2020-W10",
        "end_week": "2020-W24"
      }
    },
    "random_forest": {
      "f1_macro": 0.3558221976908946,
      "accuracy": 0.9831883203067394,
      "precision_macro": 0.35994106868716885,
      "recall_macro": 0.35297016164016676,
      "per_class": {
        "0": {
          "precision": 0.0,
          "recall": 0.0,
          "f1": 0.0,
          "support": 0
        },
        "1": {
          "precision": 0.0,
          "recall": 0.0,
          "f1": 0.0,
          "support": 9
        },
        "2": {
          "precision": 0.09,
          "recall": 0.06569343065693431,
          "f1": 0.0759493670886076,
          "support": 137
        },
        "3": {
          "precision": 0.9898232060615064,
          "recall": 0.9932170542635659,
          "f1": 0.9915172259840762,
          "support": 13416
        }
      },
      "best_params": {
        "n_estimators": 100,
        "min_samples_split": 15,
        "min_samples_leaf": 4,
        "max_features": "sqrt",
        "max_depth": 18,
        "class_weight": "balanced"
      },
      "best_cv_score": 0.3728050830517094,
      "cv_scores_per_fold": [
        0.33094834962768765,
        0.4985314913521157,
        0.33921925716692686,
        0.3619681307081406,
        0.33335818640367604
      ],
      "cv_std": 0.06381319733201031,
      "training_time_minutes": 2.3044092652832964
    },
    "logistic_regression": {
      "f1_macro": 0.29651297885702715,
      "accuracy": 0.7201740156319127,
      "precision_macro": 0.34145521452758754,
      "recall_macro": 0.550551846193503,
      "per_class": {
        "0": {
          "precision": 0.0,
          "recall": 0.0,
          "f1": 0.0,
          "support": 0
        },
        "1": {
          "precision": 0.00297441998810232,
          "recall": 0.5555555555555556,
          "f1": 0.005917159763313609,
          "support": 9
        },
        "2": {
          "precision": 0.02375407545412203,
          "recall": 0.3722627737226277,
          "f1": 0.0446584938704028,
          "support": 137
        },
        "3": {
          "precision": 0.9976371481405383,
          "recall": 0.7238372093023255,
          "f1": 0.838963282937365,
          "support": 13416
        }
      },
      "best_params": {
        "lr__C": 100,
        "lr__class_weight": "balanced",
        "lr__max_iter": 2000,
        "lr__penalty": "l2",
        "lr__solver": "saga"
      },
      "best_cv_score": 0.32344183442453156,
      "cv_scores_per_fold": [
        0.320953309649241,
        0.3063311073914889,
        0.3179751636174884,
        0.32103430605473277,
        0.3509152854097068
      ],
      "cv_std": 0.014761036052766227,
      "training_time_minutes": 3.0190924944500392
    },
    "sgd_classifier": {
      "f1_macro": 0.3467873954297504,
      "accuracy": 0.9871700339183012,
      "precision_macro": 0.3690739733971222,
      "recall_macro": 0.3422706228681445,
      "per_class": {
        "0": {
          "precision": 0.0,
          "recall": 0.0,
          "f1": 0.0,
          "support": 0
        },
        "1": {
          "precision": 0.0,
          "recall": 0.0,
          "f1": 0.0,
          "support": 9
        },
        "2": {
          "precision": 0.11764705882352941,
          "recall": 0.029197080291970802,
          "f1": 0.04678362573099415,
          "support": 137
        },
        "3": {
          "precision": 0.9895748613678373,
          "recall": 0.9976147883124628,
          "f1": 0.9935785605582569,
          "support": 13416
        }
      },
      "best_params": {
        "sgd__alpha": 0.1,
        "sgd__class_weight": "balanced",
        "sgd__eta0": 0.001,
        "sgd__learning_rate": "optimal",
        "sgd__loss": "log_loss",
        "sgd__max_iter": 1000,
        "sgd__penalty": "l2"
      },
      "best_cv_score": 0.3655739320879391,
      "training_time_minutes": 0.08979150138341842
    },
    "comparison": {
      "winner": "Random Forest",
      "f1_margin": 0.05930921883386747,
      "winner_justification": "RF has 0.059 higher F1 macro than LR",
      "recommendation": "Use RF as global model for cold start and LR/SGD for personalization updates.",
      "test_metrics": {
        "random_forest": {
          "f1_macro": 0.3558221976908946,
          "accuracy": 0.9831883203067394,
          "precision_macro": 0.35994106868716885,
          "recall_macro": 0.35297016164016676,
          "per_class": {
            "0": {
              "precision": 0.0,
              "recall": 0.0,
              "f1": 0.0,
              "support": 0
            },
            "1": {
              "precision": 0.0,
              "recall": 0.0,
              "f1": 0.0,
              "support": 9
            },
            "2": {
              "precision": 0.09,
              "recall": 0.06569343065693431,
              "f1": 0.0759493670886076,
              "support": 137
            },
            "3": {
              "precision": 0.9898232060615064,
              "recall": 0.9932170542635659,
              "f1": 0.9915172259840762,
              "support": 13416
            }
          }
        },
        "logistic_regression": {
          "f1_macro": 0.29651297885702715,
          "accuracy": 0.7201740156319127,
          "precision_macro": 0.34145521452758754,
          "recall_macro": 0.550551846193503,
          "per_class": {
            "0": {
              "precision": 0.0,
              "recall": 0.0,
              "f1": 0.0,
              "support": 0
            },
            "1": {
              "precision": 0.00297441998810232,
              "recall": 0.5555555555555556,
              "f1": 0.005917159763313609,
              "support": 9
            },
            "2": {
              "precision": 0.02375407545412203,
              "recall": 0.3722627737226277,
              "f1": 0.0446584938704028,
              "support": 137
            },
            "3": {
              "precision": 0.9976371481405383,
              "recall": 0.7238372093023255,
              "f1": 0.838963282937365,
              "support": 13416
            }
          }
        },
        "sgd_classifier": {
          "f1_macro": 0.3467873954297504,
          "accuracy": 0.9871700339183012,
          "precision_macro": 0.3690739733971222,
          "recall_macro": 0.3422706228681445,
          "per_class": {
            "0": {
              "precision": 0.0,
              "recall": 0.0,
              "f1": 0.0,
              "support": 0
            },
            "1": {
              "precision": 0.0,
              "recall": 0.0,
              "f1": 0.0,
              "support": 9
            },
            "2": {
              "precision": 0.11764705882352941,
              "recall": 0.029197080291970802,
              "f1": 0.04678362573099415,
              "support": 137
            },
            "3": {
              "precision": 0.9895748613678373,