{
  "mean": [
    -0.45550704419057014,
    0.04432857254722483,
    12.65,
    0.6839012969827204,
    25.63891,
    0.00475,
    644.1169452083334,
    241.04923053116676,
    41.9145,
    0.8003037899894807,
    7.38225,
    0.27852368310097725,
    986.3250646091602,
    1057.2168192183203,
    2.9705
  ],
  "scale": [
    0.853233536911693,
    0.20033805094791443,
    7.628466425173542,
    0.24211826441689802,
    460.7351903780651,
    0.24026534810496497,
    700.9530996904884,
    546.5498760852606,
    74.83423474419979,
    0.41491767437466864,
    3.0229348219073464,
    0.14055331090991405,
    914.0176080811914,
    847.6839706097726,
    0.18609070369043157
  ],
  "feature_names": [
    "z_score",
    "entropy",
    "txn_count",
    "relative_txn_count",
    "delta_amount",
    "delta_bucket",
    "rolling_mean_8w",
    "rolling_std_8w",
    "recency_days",
    "user_cv",
    "category_diversity",
    "dominant_category_ratio",
    "amount_t_minus_1",
    "amount_t_minus_2",
    "bucket_t_minus_1"
  ]
}