{
  "mean": [
    0.007829167120085167,
    0.9223274944165932,
    18.564035357278428,
    1.0054716039832288,
    2.1270904358200315,
    0.000939968547206305,
    1281.5691511401853,
    653.8581191366318,
    4.101805824189729,
    0.8014660310944445,
    8.807595668914155,
    0.24133442609488256,
    1306.9711273917073,
    1312.633608880412,
    2.0099781276549593
  ],
  "scale": [
    0.9929997427930788,
    0.45899553610669996,
    12.237917468746563,
    0.4007517406063454,
    574.3820203943868,
    0.9000395774457977,
    866.3128681143813,
    657.1741521761658,
    22.730907992267454,
    0.41200981964130373,
    3.107435139788023,
    0.10732965372755865,
    1212.8216843794532,
    1209.460109520853,
    0.7161495620944879
  ],
  "feature_names": [
    "z_score",
    "entropy",
    "txn_count",
    "relative_txn_count",
    "delta_amount",
    "delta_bucket",
    "rolling_mean_8w",
    "rolling_std_8w",
    "recency_days",
    "user_cv",
    "category_diversity",
    "dominant_category_ratio",
    "amount_t_minus_1",
    "amount_t_minus_2",
    "bucket_t_minus_1"
  ]
}