{
  "execution_timestamp": "2026-04-13T11:49:50.645532+00:00",
  "run_mode": "full",
  "target": "bucket_spend_t_plus_1",
  "rows": {
    "train": 501571,
    "test": 30616
  },
  "cv": {
    "strategy": "TimeSeriesSplit(n_splits=5)",
    "fold_metrics_file": "full_spend_fold_metrics.csv",
    "fold_per_class_file": "full_spend_fold_per_class_metrics.csv",
    "stability": {
      "random_forest": {
        "degradation": "no",
        "relative_drop": 0.04988496418050608,
        "head_mean_f1": 0.5992292067548042,
        "tail_mean_f1": 0.5693366792399277
      },
      "logistic_regression": {
        "degradation": "no",
        "relative_drop": 0.09569049070603523,
        "head_mean_f1": 0.45730884299763025,
        "tail_mean_f1": 0.4135487354069778
      },
      "sgd_classifier": {
        "degradation": "no",
        "relative_drop": 0.07949756739352054,
        "head_mean_f1": 0.46993120566025026,
        "tail_mean_f1": 0.43257281796795616
      }
    }
  },
  "acceptance": {
    "gain_formula": "(F1_model - F1_persistence) / F1_persistence",
    "relative_gain_vs_persistence": 1.313983233447776,
    "passes_50pct_gain": true,
    "passes_70pct_gain": true
  },
  "test": {
    "baseline_persistence": {
      "f1_macro": 0.19855953042175312,
      "balanced_accuracy": 0.20441177330210034,
      "per_class": {
        "0": {
          "precision": 0.13147410358565736,
          "recall": 0.07322485207100592,
          "f1": 0.09406175771971496,
          "support": 6760
        },
        "1": {
          "precision": 0.00340954673084637,
          "recall": 0.003844414292175486,
          "f1": 0.0036139455782312926,
          "support": 4422
        },
        "2": {
          "precision": 0.39596396396396394,
          "recall": 0.44110798875953433,
          "f1": 0.41731864793011775,
          "support": 12455
        },
        "3": {
          "precision": 0.2615769712140175,
          "recall": 0.2994698380856856,
          "f1": 0.2792437704589485,
          "support": 6979
        }
      },
      "confusion_matrix": [
        [
          495,
          751,
          3768,
          1746
        ],
        [
          679,
          17,
          2290,
          1436
        ],
        [
          1488,
          2755,
          5494,
          2718
        ],
        [
          1103,
          1463,
          2323,
          2090
        ]
      ]
    },
    "baseline_majority": {
      "f1_macro": 0.1445868449768986,
      "balanced_accuracy": 0.25,
      "per_class": {
        "0": {
          "precision": 0.0,
          "recall": 0.0,
          "f1": 0.0,
          "support": 6760
        },
        "1": {
          "precision": 0.0,
          "recall": 0.0,
          "f1": 0.0,
          "support": 4422
        },
        "2": {
          "precision": 0.40681343088581134,
          "recall": 1.0,
          "f1": 0.5783473799075944,
          "support": 12455
        },
        "3": {
          "precision": 0.0,
          "recall": 0.0,
          "f1": 0.0,
          "support": 6979
        }
      },
      "confusion_matrix": [
        [
          0,
          0,
          6760,
          0
        ],
        [
          0,
          0,
          4422,
          0
        ],
        [
          0,
          0,
          12455,
          0
        ],
        [
          0,
          0,
          6979,
          0
        ]
      ]
    },
    "random_forest": {
      "f1_macro": 0.4594634242372003,
      "balanced_accuracy": 0.5355173590111918,
      "per_class": {
        "0": {
          "precision": 0.448917268184342,
          "recall": 0.23920118343195265,
          "f1": 0.31210191082802546,
          "support": 6760
        },
        "1": {
          "precision": 0.3232661256588304,
          "recall": 0.8738127544097694,
          "f1": 0.4719389312977099,
          "support": 4422
        },
        "2": {
          "precision": 0.7391915641476274,
          "recall": 0.3376957045363308,
          "f1": 0.4635987875447782,
          "support": 12455
        },
        "3": {
          "precision": 0.5148863515099776,
          "recall": 0.6913597936667144,
          "f1": 0.5902140672782875,
          "support": 6979
        }
      },
      "confusion_matrix": [
        [
          1617,
          2696,
          821,
          1626
        ],
        [
          100,
          3864,
          95,
          363
        ],
        [
          1347,
          4345,
          4206,
          2557
        ],
        [
          538,
          1048,
          568,
          4825
        ]
      ]
    },
    "logistic_regression": {
      "f1_macro": 0.3635175165615172,
      "balanced_accuracy": 0.401963714188601,
      "per_class": {
        "0": {
          "precision": 0.20613781123335265,
          "recall": 0.2106508875739645,
          "f1": 0.2083699151302312,
          "support": 6760
        },
        "1": {
          "precision": 0.2622226585509523,
          "recall": 0.6040253279059249,
          "f1": 0.36569003285870755,
          "support": 4422
        },
        "2": {
          "precision": 0.5492629945694336,
          "recall": 0.2842232035327178,
          "f1": 0.3746031746031746,
          "support": 12455
        },
        "3": {
          "precision": 0.5019075879610004,
          "recall": 0.5089554377417969,
          "f1": 0.5054069436539556,
          "support": 6979
        }
      },
      "confusion_matrix": [
        [
          1424,
          2755,
          1295,
          1286
        ],
        [
          729,
          2671,
          609,
          413
        ],
        [
          3698,
          3391,
          3540,
          1826
        ],
        [
          1057,
          1369,
          1001,
          3552
        ]
      ]
    },
    "sgd_classifier": {
      "f1_macro": 0.3869079066296698,
      "balanced_accuracy": 0.42327631176273106,
      "per_class": {
        "0": {
          "precision": 0.2553282182438193,
          "recall": 0.0886094674556213,
          "f1": 0.13156160773116626,
          "support": 6760
        },
        "1": {
          "precision": 0.2695910944560785,
          "recall": 0.5531433740388965,
          "f1": 0.3625046313449426,
          "support": 4422
        },
        "2": {
          "precision": 0.5604899183469422,
          "recall": 0.5401043757527098,
          "f1": 0.5501083534366439,
          "support": 12455
        },
        "3": {
          "precision": 0.49589993050729675,
          "recall": 0.5112480298036968,
          "f1": 0.5034570340059263,
          "support": 6979
        }
      },
      "confusion_matrix": [
        [
          599,
          2513,
          2279,
          1369
        ],
        [
          405,
          2446,
          1122,
          449
        ],
        [
          949,
          2970,
          6727,
          1809
        ],
        [
          393,
          1144,
          1874,
          3568
        ]
      ]
    }
  }
}