bucket,0,1,2,3
0,0.556109649537147,0.17895677017282197,0.22672685997612496,0.03820672031390601
1,0.3054918160689208,0.3831015990079088,0.2389724300485369,0.0724341548746335
2,0.1925085991937948,0.11855799651104343,0.530226125122787,0.15870727917237482
3,0.06504888590214913,0.07232906405239092,0.31255353072169295,0.550068519323767
