{
  "execution_timestamp": "2026-04-22T20:25:38.791304+00:00",
  "target": "bucket_spend_t_plus_1",
  "base_model_path": "/Users/vsevolodburtik/CourseWork/pythonProject/step3_model_training_berka/outputs/full_spend_tuned_rf_model.pkl",
  "datasets": {
    "train_csv": "/Users/vsevolodburtik/CourseWork/pythonProject/step1_berka_weekly_builder/outputs/classification/train_lag_features.csv",
    "test_csv": "/Users/vsevolodburtik/CourseWork/pythonProject/step1_berka_weekly_builder/outputs/classification/test_lag_features.csv"
  },
  "config": {
    "warmup_weeks": 8,
    "update_every_weeks": 2,
    "history_cap": 20,
    "learning_rate": 0.05,
    "l2": 0.001,
    "grad_clip": 5.0,
    "sgd_epochs": 20,
    "seed": 42,
    "alpha_after_warmup": 0.2
  },
  "evaluation_rows": 30616,
  "evaluation_users": 4476,
  "overall": {
    "base": {
      "f1_macro": 0.48775676315559324,
      "balanced_accuracy": 0.5664228464678376,
      "per_class_recall": {
        "0": 0.23875739644970415,
        "1": 0.9170058796924468,
        "2": 0.3781613809714974,
        "3": 0.7317667287577017
      },
      "per_class_support": {
        "0": 6760,
        "1": 4422,
        "2": 12455,
        "3": 6979
      }
    },
    "calibrated": {
      "f1_macro": 0.5230054669243089,
      "balanced_accuracy": 0.5579269945056017,
      "per_class_recall": {
        "0": 0.18920118343195266,
        "1": 0.7069199457259159,
        "2": 0.6334805299076676,
        "3": 0.7021063189568706
      },
      "per_class_support": {
        "0": 6760,
        "1": 4422,
        "2": 12455,
        "3": 6979
      }
    },
    "blended": {
      "f1_macro": 0.5005116823598085,
      "balanced_accuracy": 0.5756316262096213,
      "per_class_recall": {
        "0": 0.2301775147928994,
        "1": 0.9133876074174582,
        "2": 0.41702127659574467,
        "3": 0.7419401060323829
      },
      "per_class_support": {
        "0": 6760,
        "1": 4422,
        "2": 12455,
        "3": 6979
      }
    }
  },
  "per_user_distribution": {
    "improved_users": 1730,
    "worsened_users": 1446,
    "unchanged_users": 1300,
    "quantiles_delta_f1": {
      "p10": -0.16849539349539347,
      "p25": -0.041666666666666685,
      "p50": 0.0,
      "p75": 0.05952380952380952,
      "p90": 0.13543956043956043
    },
    "top_improved": [
      {
        "user_id": 31,
        "delta_f1": 0.5,
        "f1_base": 0.0,
        "f1_cal": 0.5,
        "n": 3
      },
      {
        "user_id": 10220,
        "delta_f1": 0.45833333333333337,
        "f1_base": 0.16666666666666666,
        "f1_cal": 0.625,
        "n": 5
      },
      {
        "user_id": 649,
        "delta_f1": 0.4541666666666666,
        "f1_base": 0.15,
        "f1_cal": 0.6041666666666666,
        "n": 8
      },
      {
        "user_id": 4526,
        "delta_f1": 0.45,
        "f1_base": 0.0,
        "f1_cal": 0.45,
        "n": 4
      },
      {
        "user_id": 524,
        "delta_f1": 0.45,
        "f1_base": 0.0,
        "f1_cal": 0.45,
        "n": 6
      },
      {
        "user_id": 1999,
        "delta_f1": 0.425,
        "f1_base": 0.325,
        "f1_cal": 0.75,
        "n": 6
      },
      {
        "user_id": 1919,
        "delta_f1": 0.4041666666666666,
        "f1_base": 0.2,
        "f1_cal": 0.6041666666666666,
        "n": 7
      },
      {
        "user_id": 3597,
        "delta_f1": 0.4007936507936508,
        "f1_base": 0.07142857142857142,
        "f1_cal": 0.4722222222222222,
        "n": 6
      },
      {
        "user_id": 2824,
        "delta_f1": 0.3916666666666666,
        "f1_base": 0.25,
        "f1_cal": 0.6416666666666666,
        "n": 9
      },
      {
        "user_id": 11295,
        "delta_f1": 0.3888888888888889,
        "f1_base": 0.20833333333333331,
        "f1_cal": 0.5972222222222222,
        "n": 8
      }
    ],
    "top_worsened": [
      {
        "user_id": 1881,
        "delta_f1": -0.5833333333333334,
        "f1_base": 1.0,
        "f1_cal": 0.41666666666666663,
        "n": 6
      },
      {
        "user_id": 4405,
        "delta_f1": -0.5625,
        "f1_base": 0.75,
        "f1_cal": 0.1875,
        "n": 5
      },
      {
        "user_id": 955,
        "delta_f1": -0.5571428571428572,
        "f1_base": 0.7,
        "f1_cal": 0.14285714285714285,
        "n": 5
      },
      {
        "user_id": 9528,
        "delta_f1": -0.5333333333333333,
        "f1_base": 0.7,
        "f1_cal": 0.16666666666666666,
        "n": 8
      },
      {
        "user_id": 421,
        "delta_f1": -0.5119047619047619,
        "f1_base": 0.7499999999999999,
        "f1_cal": 0.23809523809523808,
        "n": 7
      },
      {
        "user_id": 2160,
        "delta_f1": -0.5035714285714286,
        "f1_base": 0.7416666666666667,
        "f1_cal": 0.23809523809523808,
        "n": 7
      },
      {
        "user_id": 1636,
        "delta_f1": -0.4761904761904762,
        "f1_base": 0.5595238095238095,
        "f1_cal": 0.08333333333333333,
        "n": 7
      },
      {
        "user_id": 1539,
        "delta_f1": -0.47500000000000003,
        "f1_base": 0.7416666666666667,
        "f1_cal": 0.26666666666666666,
        "n": 7
      },
      {
        "user_id": 956,
        "delta_f1": -0.4583333333333333,
        "f1_base": 0.7833333333333333,
        "f1_cal": 0.325,
        "n": 8
      },
      {
        "user_id": 503,
        "delta_f1": -0.4541666666666666,
        "f1_base": 0.6041666666666666,
        "f1_cal": 0.15,
        "n": 7
      }
    ]
  },
  "time_to_benefit": {
    "users_with_benefit": 1902,
    "users_total": 4476,
    "median_updates_until_benefit": 49.0,
    "median_weeks_until_benefit": 3.0
  },
  "small_data_stress_test": {
    "users_count": 14,
    "rows": 21,
    "base": {
      "f1_macro": 0.3630952380952381,
      "balanced_accuracy": 0.44871794871794873,
      "per_class_recall": {
        "0": 0.8461538461538461,
        "1": 0.0,
        "2": 0.0,
        "3": 0.5
      },
      "per_class_support": {
        "0": 13,
        "1": 0,
        "2": 6,
        "3": 2
      }
    },
    "calibrated": {
      "f1_macro": 0.18181818181818182,
      "balanced_accuracy": 0.3076923076923077,
      "per_class_recall": {
        "0": 0.9230769230769231,
        "1": 0.0,
        "2": 0.0,
        "3": 0.0
      },
      "per_class_support": {
        "0": 13,
        "1": 0,
        "2": 6,
        "3": 2
      }
    },
    "blended": {
      "f1_macro": 0.1935483870967742,
      "balanced_accuracy": 0.3076923076923077,
      "per_class_recall": {
        "0": 0.9230769230769231,
        "1": 0.0,
        "2": 0.0,
        "3": 0.0
      },
      "per_class_support": {
        "0": 13,
        "1": 0,
        "2": 6,
        "3": 2
      }
    }
  },
  "top_improved_users": [
    {
      "user_id": 31,
      "delta_f1": 0.5,
      "f1_base": 0.0,
      "f1_cal": 0.5,
      "n": 3
    },
    {
      "user_id": 10220,
      "delta_f1": 0.45833333333333337,
      "f1_base": 0.16666666666666666,
      "f1_cal": 0.625,
      "n": 5
    },
    {
      "user_id": 649,
      "delta_f1": 0.4541666666666666,
      "f1_base": 0.15,
      "f1_cal": 0.6041666666666666,
      "n": 8
    },
    {
      "user_id": 4526,
      "delta_f1": 0.45,
      "f1_base": 0.0,
      "f1_cal": 0.45,
      "n": 4
    },
    {
      "user_id": 524,
      "delta_f1": 0.45,
      "f1_base": 0.0,
      "f1_cal": 0.45,
      "n": 6
    },
    {
      "user_id": 1999,
      "delta_f1": 0.425,
      "f1_base": 0.325,
      "f1_cal": 0.75,
      "n": 6
    },
    {
      "user_id": 1919,
      "delta_f1": 0.4041666666666666,
      "f1_base": 0.2,
      "f1_cal": 0.6041666666666666,
      "n": 7
    },
    {
      "user_id": 3597,
      "delta_f1": 0.4007936507936508,
      "f1_base": 0.07142857142857142,
      "f1_cal": 0.4722222222222222,
      "n": 6
    },
    {
      "user_id": 2824,
      "delta_f1": 0.3916666666666666,
      "f1_base": 0.25,
      "f1_cal": 0.6416666666666666,